"","Mutation","value","type","mean"
"1","A>U",644,"Transversion",0.0132472127370716
"2","A>C",663,"Transversion",0.0136380466532275
"3","A>G",5752,"Transition",0.118319825564652
"4","U>A",596,"Transversion",0.0122598428436253
"5","U>C",5054,"Transition",0.103961821697453
"6","U>G",713,"Transversion",0.0146665569589007
"7","C>A",975,"Transversion",0.0200559509606286
"8","C>U",23940,"Transition",0.492450734356358
"9","C>G",118,"Transversion",0.0024272843213889
"10","G>A",3856,"Transition",0.079318714773522
"11","G>U",6072,"Transversion",0.124902291520961
"12","G>C",231,"Transversion",0.00475171761221047
