"","Mutation","value","type","mean"
"1","A>U",1025,"Transversion",0.0752238367826215
"2","A>C",911,"Transversion",0.0668574783502128
"3","A>G",2607,"Transition",0.191325407309555
"4","U>A",1083,"Transversion",0.079480405107882
"5","U>C",2886,"Transition",0.21180096873624
"6","U>G",633,"Transversion",0.0464553060325848
"7","C>A",520,"Transversion",0.0381623367092324
"8","C>U",1612,"Transition",0.11830324379862
"9","C>G",243,"Transversion",0.0178335535006605
"10","G>A",1361,"Transition",0.0998825774255101
"11","G>U",457,"Transversion",0.0335388228386907
"12","G>C",288,"Transversion",0.0211360634081902
