"clade","a","t","c","g","n","-","n_a>t","n_a>c","n_a>g","n_t>a","n_t>c","n_t>g","n_c>a","n_c>t","n_c>g","n_g>a","n_g>t","n_g>c","rc>t","nrc>t","rg>a","nrg>a"
"BatCoV_HKU4",91949,115054,57103,68942,1,2099,102,49,136,107,362,31,38,177,8,136,53,49,0.488950276243094,0.985161639193614,1,1.33371529691625
"BatCoV_HKU5",72976,83159,58920,59353,0,909,167,108,286,178,730,69,103,575,27,197,65,52,0.787671232876712,1.11170998056338,0.688811188811189,0.846910607967336
"BatCoV_HKU9",74309,95502,52688,68764,0,6414,302,217,546,407,1171,261,157,463,126,577,155,90,0.395388556789069,0.716679280869831,1.05677655677656,1.14199303643635
"SARS_CoV",118256,127676,83031,86565,201,1169,0,4,21,7,9,0,0,27,0,8,2,1,3,4.61307222603606,0.380952380952381,0.520417082676656
